1,makan,Positif,makan
2,minum,Positif,minum
3,hutang,Negatif,hutang
4,malas,Negatif,malas
5,sangat senang di ajarin dengan pa Verdy,Positif,sangat senang ajar
6,"cukup baik untuk mengajar, terima kasih pa sumarsono",Positif,cukup baik ajar terima kasih 
7,pa verdy sangat baik terima kasih,Positif,sangat baik terima kasih
8,Materi yangg diajarkan mudah dipahami,Positif,materi ajar mudah paham
9,Tingkatkan lagi penyajian dalam memberikan materi kepada para mahasiswa,Negatif,tingkat saji beri materi mahasiswa
10,semoga bisa lebih baik lagi dalem mengasih materi nya,Positif,moga lebih baik dalem asih materi
11,lebih rajin masuk,Negatif,lebih rajin masuk
12,Baik,Positif,baik
13,"saran aja buat di teknik apalagi anak muda Zaman sekarang klo belajar pemerintahan agak kurang, tapi untuk mendengarkan dari sebuah cerita mereka masih tertarik, saat penyampain materi diselingi cerita atau pengalaman. mereka lebih mudah memahaminya",Positif,saran aja buat teknik anak muda zaman sekarang ajar perintah kurang dengar buah cerita tarik penyampain materi seling alam lebih mudah
14,"mungkin untuk teori masih bisa di baca dibuku atau media manapun, untuk pembahasan soal yang masih susah dicari, saran aja sih saat pemberian materi lebih sering bahas soal dan latihan aja. dan pemberian tugas individu untuk latihan dirumah.",Negatif,mungkin teori baca buku media bahas soal susah cari saran aja beri materi lebih sering latih
15,"bagus, saran aja sih kedepannya banyak cerita tentang implementasi ADBO dalam kehidupan, agar lebih mudah dipahami dalam penerapannya.",Negatif,bagus saran aja depan banyak cerita implementasi adbo hidup lebih mudah paham terap
16,"saran aja sih, kedepannya sering latihan analisis dari studi kasusnya",Negatif,saran aja depan sering latih analisis studi kasus
17,"saran aja sih mungkin kedepannya Sistem operasi bisa mempelajari kelemahan system, dan pencarian celah serta cara penanganan dari serangan orang jahat",Negatif,saran aja mungkin depan sistem operasi ajar lemah sistem cari celah cara tangan serang orang jahat
18,baik tapi tidak mengerti materinya,Negatif,baik tidak erti materi
19,"secara teori mungkin saya kurang mengerti, secara praktek mungkin saya mengerti gambarannya. pemberian materi dari awal langsung menggunakan studi kasus, saya pikir itu bagus membuat pola pikir saya sedikit berubah. tapi saran aja sih kedepannya, teori yg paling umum disampaikan dahulu mungkin 2 pertemuan pertama.",Negatif,cara teori mungkin kurang erti praktek gambar beri materi awal langsung stukasus pikir bagus buat pola sedikit ubah saran aja sih depan
20,Semua sesuai,Positif,semua sesuai
21,Bagus dan baik,Positif,bagus baik
22,Ilmu yang di berikan sangat bermanfaat untuk anak murid,Positif,ilmu beri sangat manfaat anak murid
23,Sering datang terlambat,Negatif,sering datang lambat
24,Cukup,Positif,cukup
25,Penyajian terlalu cepat,Negatif,saji terlalu cepat
26,"mantap pak,lanjutkan",Positif,mantap lanjut
27,Ketepatan waktu tolong lebih di perhatikan,Negatif,tepat waktu lebih hati
28,"Cara mengajar baik tapi kurang kurangin telatnya, dosen setiap kali mengajar selalu telat, dan telatnya keterlaluan",Negatif,cara ajar baik kurang telat dosen tiap kali
29,"Sangat baik, ketepatan waktu juga sangat baik dan penyajian atau cara penyampaiannya baik",Positif,sangat baik tepat waktu
30,"Baik dalam ilmu pengetahuan, dan softskill dosen sangat baik. Dan baik dalam membantu nilai maupun skill mahasiswa",Positif,baik ilmu tahu dosen sangat bantu nilai mahasiswa
31,Buat mata kuliah lebih menarik agar mahasiswa tidak bosan dengan materi yang ibu sampaikan,Positif,buat mata kuliah lebih tarik mahasiswa bosan materi sampai
32,Untuk materi penyampaian sangat baik akan tetapi jangan terlalu sering diktat foto copyan dengan membayar dan selama 2 kali pembayaran uts dan uas. Mudah di mengerti saat menjelaskan ,Positif,materi sangat baik jangan terlalu sering diktat poto kopi bayar lama kali uts uas mudah erti
33,Terima kasih selama 1 semester ini bu,Positif,terima kasih lama semester 
34,Mudah di mengerti untuk proses pembelajaran bahan sesuai dengan materi yang di berikan saat ujian,Positif,mudah erti proses ajar bahan sesuai materi beri uji
35,Mudah di mengerti saat mengajar dan menjelaskan dosen bisa di ajak berkomunikasi melalui via wa ,Positif,mudah erti ajar jelas dosen ajak komunikasi lalu 
36,Tolong di perbaiki cara mengajarnya pak.,Positif,tolong baik cara ajar
37,Sangat bermanfaat ilmu yang di kasih untuk dunia kerja atau perkuliahan. Materi mudah di mengerti dengan penjelasan yang sangat rinci. ,Negatif,sangat manfaat ilmu kasih dunia kerja kuliah materi mudah erti jelas
38,Dosen mendiskusikan silabus dengan mahasiswa,Positif,dosen diskusi silabus mahasiswa
39,"Baik sekali. Untuk kedepannya materi yang di kasih ke mahasiswa harus ada 2 bahasa. Yaitu bahasa Indonesia dan bahasa Inggris. Jadi yang untuk tidak mengerti bahasa Inggris, maka mahasiswa membaca materi yang bahasa Indonesia. Dan untuk pembelajarannya sangat baik.",Positif,baik sekali depan materi kasih mahasiswa bahasa ada bahasa indones bahasa inggris mahasiswa baca materi bahasa indonesia untuk belajar baik
40,Dosen terbaik dan terasik saat belajar,Positif,dosen baik asik ajar
41,Perjelas dalam mengajar,Positif,jelas ajar
42,Dosen terasik dan terbaik,Positif,dosen asik baik
43,Pertahankan gaya ngajar seperti ini pak,Positif,tahan gaya ajar
44,"Saya sulit mengerti dengan pelajaran ibu , mudah2an kedepannya ibu bisa mengajarkan kepada mahasiswa dengan logika yang gampang di cerna mahasiswa tersebut.",Negatif,sulit erti ajar mudah depan bisa ajar mahasiswa logika gampang cerna mahasiswa sebut
45,Sama kan materi teori dan praktek,Negatif,sama materi teori praktek
46,Panutan saya,Positif,panutan saya
47,"Sensei mengajar dengan baik, semoga sensei tidak merubah cara mengajar sensei.",Positif,sensei ajar baik moga rubah
48,Lebih tepat waktu disaat pelajaran dimulai,Negatif,lebih tepat waktu ajar mulai
49,Tolong penyampaian materi di perbagus lagi pa,Negatif,tolong materi bagus
50,Sudah bagus dalam memberikan materi,Positif,bagus beri materi
51,Absen saya kenapa bukan 100% pak,Negatif,absen saya kenapa bukan
52,semoga dalam mengajar menjadi lebih baik,Positif,moga ajar jadi lebih baik
53,Sangat baik dalam membimbing proses belajar,Positif,sangat baik bimbing proses ajar
54,"tolong pak jangan dikit uang terus buat ngeprint atau beli modul hasil print file ppt. lebih baik kasih pptnya langsung, sayang duit pak anak malam rata2 kerja buat bayar kuliah sendiri dan kalau waktu mengajar sudah selesai tolong jangan dilama2in pak masa kita gabisa sholat, pas mau izin sholat malah dicuekin.",Negatif,tolong jangan dikit uang terus buat beli modul hasil file ppt lebih baik kasih ppt langsung sayang duit anak malam rata kerja bayar kuliah sendiri kalau waktu ajar selesai lama masa sholat mau izin sholat malah cuek
55,Tolong ajarkan cara menulis jepang,Positif,ajar cara tulis jepang
56,Materinya sedikit sulit tetapi sangat melatih daya pikir,Positif,materi sedikit sulit sangat latih daya pikir
57,"Kurangnya dosen dalam membantu mahasiswa, tetapi membuat mahasiswa ingin mencari tau sendiri",Negatif,kurang dosen bantu mahasiswa buat mahasiswa cari tau sendiri
58,"kadang cara penyampaiannya kurang saya mengerti pak, yg rata2 mengerti hanya yg sudah berpengalaman atau bekerja dibidang IT sedangkan kami yg masih noob dan bekerja belum sesuai bidang masih suka bingung dengan pembahasannya. sarannya mungkin saat menjelaskan lebih ke contoh umum pak(?)",Positif,kadang cara sampai kurang erti rata erti sudah dalam kerja bidang it sedang noob kerja sesuai bidang suka bingung bahas saran jelas lebih contoh umum
59,"mantab betul si bapak kalau mengajar mudah dimengerti, kalau tidak mengerti langsung diajarin sampe akar.",Positif,mantab betul kalau ajar mudah erti langsung ajar akar
60,Harap memberikan nilai yang cukup dan sesuai,Negatif,harap beri nilai cukup sesuai
61,"kalau mengajar sangat asik pak, hanya saja waktu belajar sering tidak sesuai karena bapak sering kemacetan juga kan naik mobil. sarannya mohon langsung kabarin salah satu mahasiswa dikelas kalau kiranya telat pak kasian mahasiswanya digantungin nunggu kepastian",Positif,kalau ajar sangat asik waktu belajar sering sesuai macet naik mobil saran mohon langsung kabar salah satu mahasiswa kelas kira telat mahasiswa gantung nunggu pasti
62,Terima kasih atas pengetahuan yang diberikan,Positif,terima kasih atas tahu beri
63,"mantab bu, penyampaiannya mudah, asik dan ga tegang. jadi no kritik saya",Positif,mantab mudah asik tegang kritik
64,Agar lebih diperjelas dalam memberikan penjelasan terhadap mahasiswa yang belum paham,Negatif,lebih jelas beri hadap mahasiswa belum paham
65,kalau untuk teori saya masih kurang mengerti pak saat menjelaskan terlalu berbelit tapi untuk prekteknya mantab betul pak,Negatif,kalau teori kurang erti jelas lalu belit prektek mantab betul
66,Sangat menyenangkam bisa di ajar oleh beliau.,Positif,sangat senang ajar beliau
67,Terimakasih atas pemberian pengetahuan yang diberikan,Positif,terimakasih atas beri tahu
68,Kurang disiplin,Negatif,kurang disiplin
69,"Bagus, dosennya baik dan telaten",Positif,bagus dosen baik telaten
70,Leluasa berfikir,Positif,leluasa berfikir
71,Kurangnya dalam membantu mahasiswa,Negatif,kurang bantu mahasiswa
72,Materi yang disampaikan sudah bagus tetapi kurang penjelasan dari dosen,Negatif,materi bagus kurang jelas dosen
73,Sangat baik dalam pemberian materi,Positif,sangat baik beri materi
74,Makasih ibu paling penyabar ngajar nya,Positif,makasih paling sabar ajar
75,Enak  belajar  dengan bapak melatih wawasan politik yg sehat,Positif,enak ajar latih wawas politik sehat
76,"Izinkan mahasiswa untuk sholat, jangan malah dicuekin",Negatif,izin mahasiswa sholat jangan malah cuek
77,Jadwal kuliah terkadang berubah-ubah,Negatif,jadwal kuliah kadang ubah
78,Mantap jiwa dah Bu wibby ngajar nya ,Positif,mantap jiwa dah ajar
79,Materi yang disampaikan bagus tetapi kurang cara menyampaikannya,Negatif,materi bagus kurang cara sampai
80,Tegas dan memberi inovasi,Positif,tegas beri inovasi
81,"Materi yang disampaikan bagus, tetapi cara menyampaikannya kurang",Negatif,materi bagus cara kurang
82,Sangat menyenangkan bisa belajar dengannya,Positif,sangat senang ajar dengan
83,Memberi pelajaran yg baik lagi,Positif,beri ajar baik lagi
84,Sangat jelas saat mengajar,Positif,sangat jelas ajar
85,Saya suka proses pembelajarannya,Positif,suka proses ajar
86,"Terimakasih sudah mengajar saya dengan baik, sopan, dan cukup jelas.",Positif,terimakasih ajar baik sopan cukup jelas
87,Dosenya baik dan metode pembelajaran yang tidak membosankan,Positif,dosen baik metode ajar bosan
88,Cara pembelajaran yang unik,Positif,cara ajar unik
89,Singkat padat dan jelas,Positif,singkat padat jelas
90,"Kalau menjelaskan rumus sebisa mungkin secara detail, karena untuk mempermudah kami para mahasiswa/i untuk mengerti materi perkuliahan tersebut. Terima kasih",Positif,kalau jelas rumus mungkin cara detail mudah mahasiswa erti materi kuliah sebut terima kasih
91,"Saya suka cara mengajar pak aji, selalu mudah di ingat",Positif,suka cara ajar selalu mudah ingat
92,Cara penyanpaian materi bisa harus bisa membuat mahasiswa semangat untuk belajar,Positif,cara materi buat mahasiswa semangat ajar
93,"Mantap, setelah belajar matkul ini... saya semakin suka dengan pelajaranya",Positif,mantap ajar matkul makin suka ajar
94,"Selalu di tunggu pelajaranya, selalu menyenangkan",Positif,selalu tunggu pelajaran selalu senang
95,Cara pembelajaranya yang memuaskan,Positif,cara belajar muas
96,Mungkin segi kehadiran dengan materi saat ujian,Positif,mungkin segi hadir materi uji
97,Coba memberi materi yang tidak membingungkan,Negatif,coba beri materi bingung
98,Jangan terlalu cepat saat memberikan materi,Negatif,jangan terlalu cepat beri materi
99,"Tolong penyampaian materi kuliah nya lebih diperjelas lagi, jangan berbicara tentang materi A tapi yang jadi pembahasan malah materi Z. Mahasiswa/i jadi bingung dalam mempelajari mata kuliah ini. Terima kasih",Negatif,materi kuliah lebih jelas jangan bicara tentang materi bahas materi malah mahasiswa jadi bingung ajar mata kuliah terima kasih
100,"Dosen seperti ini yang saya inginkan di setiap matkul , TOLONG JADIKAN PAK BADRUL DOSEN TETAP DI TIF , KARENA BELIAU BEGITU BAIK DAN SUPPORT AKAN KEGIATAN HIMPUNAN TIF",Negatif,dosen ingin tiap matkul tetap tif begitu baik support giat himpunan tif
101,Kurang,Negatif,kurang
102,Kurang suka dengan cara bapak mengajar dan menyampaikannya kurang dan interaksi dengan mahasiswa di kelas kurang baik,Negatif,kurang suka cara ajar interaksi mahasiswa kelas kurang baik
103,JADIKAN PAK BADRUL SEBAGAI PEDOMAN DOSEN DOSEN LAINNYA,Positif,jadi bagai pedoman dosen lain
104,Terlalu cepat menyampaikan materi,Negatif,terlalu cepat materi
105,"Secara keselurahan , dosen jarang masuk dan materi tidak tepat pada matkul ini",Negatif,cara selurah dosen jarang masuk materi tepat matkul ini
106,Tugasnya mantap ...pake logika semua,Positif,tugas mantap logika semua
107,PRAKTEK AJA BISA DIITUNG JARI. Nilai boleh bagus tapi tidak dengan kekamampuan kita,Negatif,praktek aja itung jari nilai bagus mampu kita
108,Praktek yang melenceng,Negatif,praktek lenceng
109,"Bagus , tapi kurangi menulis",Negatif,bagus kurang tulis
110,Mohon untuk pengitungan absenya di perbaiki,Negatif,mohon pengitungan absen baik
111,sangat luar biasa,Positif,sangat luar biasa
112,lumayan,Positif,lumayan
113,alhamdulillah berkah,Positif,alhamdulillah berkah
114,"TIDAK MASALAH NILAI PADA MATA KULIAH INI STANDAR,KEDEPANNYA AKAN SAYA TINGKATKAN KEMBALI",Positif,masalah nilai mata kuliah standar depan tingkat kembali
115,"Sehat terus pak, kalo bisa kalo bapak gak masuk, adain kelas pengganti",Positif,sehat terus kalau masuk adain kelas
116,"Baik sekali, pak badrul selalu tepat waktu dan sesuai materi",Positif,baik sekali selalu tepat waktu sesuai materi
117,Terima kasih atas ilmu yang diajarkan,Positif,terima kasih atas ilmu ajar
118,tingkatkan kualitas,Positif,tingkat kualitas
119,harus jauh lebih baik lagi,Negatif,jauh lebih baik lagi
120,Semoga dapat memberikan inovasi-inovasi dalam mengajar matakuliah ini,Positif,moga beri inovasi ajar matakuliah ini
121,Sangat baik dan tertata rapih dalam pemberian materi,Positif,sangat baik tata rapih beri materi
122,"DOSEN INI MENGAJARKAN BAHWA SEBAGAI MAHASISWA TIDAK TERLALU MENAIKKAN STANDAR KUALITAS FORMAL,NAMUN BAGAIMANA CARANYA SEORANG MAHASISWA BISA BERPIKIR KRITIS DAN PEKA TERHADAP LINGKUNGAN SEKITAR",Negatif,dosen ajar bagai mahasiswa terlalu naik standar kualitas formal bagaimana cara orang pikir kritis peka hadap lingkung
123,sangat bermanfaat ilmunya yg diberikan kepada mahasiswanya,Positif,sangat manfaat ilmu beri mahasiswa
124,senang bisa belajar dengan dosen ini,Positif,senang ajar dosen ini
125,Saran agar mencari metode mengajar yg lebih menarik lagi agar mudah di pahami mahasiswa,Positif,saran cari metode ajar lebih tarik mudah paham mahasiswa
126,Sudah cukup untuk memberikan materi dalam pembelajaran,Positif,cukup beri materi ajar
127,suka cara mengajarnya,Positif,suka cara ajar
128,Saran untuk mata kuliah ini agar lebih mengeksplor lagi tentang pkn yg sedang terjadi saat ini,Negatif,saran mata kuliah lebih eksplor pkn sedang jadi saat
129,Dosen baik dalam pengajaran kurangnya jadwal selesai pengajaran,Positif,dosen baik ajar kurang jadwal selesai
130,Saran saya agar mencari metode mengajar yg lebih mudah di mengerti dan menyenangkan,Positif,saran cari metode ajar lebih mudah erti senang
131,"Penyampaian materi sangat susah dipahami. Dosen terlalu banyak menceritakan kejadian pribadi dibanding materi yang sedang diajarkan. Slide materi sering dilewati dengan dalih sudah paham yang sebenarnya sama sekali belum dibuka maupun sama sekali tidak paham. Saya merasa dosen tidak memahami materi yang diajarkan. Penulisan bahasa pada soal ujian sangat sulit untuk dipahami, sebab soal yang ditulis hanyalah seluruh judul dan sub-judul pada suatu bab yang ditambahkan ""Jelaskan"" dan ""Apa Itu"".  Saya mohon pahami dengan seksama terlebih dahulu materi yang ingin diajarkan dan cari cara penjelasan yang cukup dimengerti oleh seluruh mahasiswa. Mahasiswa yang masuk ke prodi TIF ini bukan hanya yang",Positif,materi sangat susah paham dosen terlalu banyak cerita japribabanding sedang ajar slide sering lewat dalih benar sama sekali buka mausama rasa tulis bahasa soal uji sulit seluruh judul sub-judul suatu bab tambah jelas
132,Sudah baik dalam mengajari apa yang di ajarkan ke mahasiswa,Positif,baik ajar apa ajar mahasiswa
134,Penyampaian materi yang cukup baik. Dosen sangat paham dengan materi yang ingin disampaikan pada mahasiswa.,Positif,materi cukup baik dosen sangat paham
135,Kurang memberikan waktu untuk memahami praktikum,Negatif,kurang beri waktu paham praktikum
136,"Penyampaian materi sangat mudah dipahami, sehingga mahasiswa yang awam benar-benar paham dengan apa yang disampaikan. Dosen yang talkative dan komunikatif sangat membantu mahasiswa.",Positif,materi sangat mudah paham mahasiswa awam benar apa dosen talkative komunikatif
137,Cukup untuk mengajari pembahasan hanya kurangnya detail  dalam mengajar,Positif,cukup ajar bahas kurang detail
138,"Terimakasih bu, walaupun di pelajaran ibu kita haru berpikir logika yang kuat",Positif,terimakasih ajar haru pikir logika kuat
139,"Saran, agar lebih care dengan mahasiswa dengan metode mengajar yg lebih menarik dan mudah dipahami",Positif,saran lebih care mahasiswa metode ajar tarik mudah
140,Kurang  pembahasan praktikum secara detail,Negatif,kurang bahas praktikum cara detail
141,Bagus sekali pelajaran mudah dipahami terimakasih sensei,Positif,bagus sekali ajar mudah paham terimakasih sensei
142,Saran saya dosen harus menggunakan waktu dengan sebaik baik nya,Negatif,saran dosen harus waktu baik
143,Lebih pelan lagi menjelaskan praktiknya,Negatif,lebih pelan jelas praktik
144,Sudah cukup dalam pengajaran,Positif,cukup ajar
145,"Walaupun kuliah menarik,  tolong lebih detail menjelaskan terimakasih bu",Negatif,kuliah tarik lebih detail jelas terimakasih
146,Dosen harus tepat pada waktu jadwal pelajaran,Negatif,dosen tepat waktu jadwal ajar
147,Tolong penyampaiannya materinya lebih interaktif agar mahasiswa tertarik terimakasih bu,Positif,materi lebih interaktif mahasiswa tarik terimakasih
148,Lebih aktif lagi dalam menjelaskan terimakasih bu,Positif,lebih aktif jelas terimakasih
149,Dosen harus tepat pada waktu pelajaran tiba,Positif,dosen tepat waktu ajar tiba
150,Pembahasan kurang untuk di pahami ke mahasiswa,Negatif,bahas kurang paham mahasiswa
151,Agar lebih pelan dalam menjelaskan dan jelaskan sedetail detailnya dalam materi,Negatif,lebih pelan jelas detail
152,"Walaupun materi telah disiaplan dengan matang, agar lebih interaktif terhadap siswanya terimakasih pak",Positif,materi disiaplan matang lebih interaktif hadap siswa terimakasih
153,"Terimakasih bu,  tapi lebih sering hadir lagi agar ada interaksi antar dosen dan muridnya",Positif,terimakasih lebih sering hadir interaksi antar dosen murid
154,Kurang waktu dalam praktik pengajaran belajar mahasiswa,Negatif,kurang waktu praktik ajar
155,Cukup dalam pemahaman,Positif,cukup paham
156,Semoga bapak bisa meningkatkan lagi cara mengajarnya,Positif,moga tingkat cara ajar
157,Cara mengajarnya ineraktif dan mudah di mengerti,Positif,cara ajar ineraktif mudah erti
158,"Cara bapak mengajar sudah baik, alangkah baiknya bapak jangan sering telat Terimakasih untuk ilmunya",Negatif,cara ajar baik baik jangan sering telat terimakasih
159,Semoga di tingkatkan lagi cara mengajarnya,Negatif,moga tingkat cara ajar
160,Dosen favorit,Positif,dosen favorit
161,Dosen sangat tegas dan baik sehingga mahasiswa dapat mengerti dan dapat cepat tanggapan terhadap pelajaran,Positif,dosen sangat tegas baik mahasiswa erti cepat tanggap hadap ajar
162,"PERLU PERBAIKAN DARI PENYAMPAIAN MATERI,TERKADANG SUKA GAGAL PAHAM",Negatif,perlu baik materi kadang suka gagal paham
163,"DARI PENYAMPAIAN MATERI BELIAU,KADANG SUKA GAGAL PAHAM.SEKIAN",Negatif,materi beliau kadang suka gagal paham sekian
164,"MESKIPUN MASIH BANYAK YANG HARUS DIPERBAIKI,SECARA KESELURUHAN MEMANG DOSEN YANG BERSANGKUTAN KURANG PEKA TERHADAP MAHASISWA",Negatif,meski banyak baik cara seluruh memang dosen sangkut kurang peka hadap mahasiswa
165,"KELEBIHAN UTAMA DOSEN PADA MATA KULIAH INI ADALAH MENGAJAR YANG SESUAI BIDANGNYA.PROFESIONALITAS,KEJUJURAN SANGAN DIUTAMAKAN PADA SETIAP PERTAMUAN DOSEN YANG BERSANGKUTAN",Positif,lebih utama dosen mata kuliah ajar sesuai bidang profesionalitas jujur sangan tiap tamu
166,HANYA MASALAH WAKTU PERTEMUAN YANG SERING TELAT DAN KABAR KETIKA DOSEN YANG BERSANGKUTAN TIDAK MASUK DADAKAN SEPERTI TAHU BULAT,Negatif,masalah waktu temu sering telat kabar dosen sangkut masuk dadak tahu bulat
167,"DOSEN MUDA YANG MENGERTI KEBUTUHAN MAHASISWA,HANYA PERLU PENYAMPAIAN MATERI LEBIH DETAIL KARENA SOAL UJIAN MATA KULIAH BELIAU BANYAK ISTILAH-ISTILAH YANG BELUM SEMPAT BELIAU JELASKAN",Negatif,dosen muda erti butuh mahasiswa perlu materi lebih detail soal uji mata kuliah beliau banyak istilah sempat jelas
168,"KEDEPANNYA,DIPERBAIKI KEMBALI CARA MENGAJARNYA.KARENA BUAT MAHASISWA YANG AGAK LAMA MENYERAP ILMU YANG DIAJARKAN SUKA GAGAL PAHAM",Negatif,depan baik cara ajar buat mahasiswa lama serap ilmu suka gagal paham
169,Pertahankan gaya mengajar seperti ini pak,Positif,tahan gaya ajar
170,terimakasih sebelumnya dan pertahankan cara mengajar seperti ini,Positif,terimakasih tahan cara ajar ini
171,cukup sajalah,Positif,cukup saja
172,bisa leih baik lagii,Negatif,leih baik lagi
174,Lebih giat lagi bu,Negatif,lebih giat
175,Dosen nya sangat baik,Positif,dosen sangat baik
176,Baik dalam menyampaikan materi pembelajaran,Positif,baik materi ajar
177,lebih ditingkatkan lagi,Negatif,lebih tingkat lagi
178,"tidak ada saran dan kritik, sudah bagus",Positif,saran kritik bagus
179,Dosen harus datang tepat waktu,Negatif,dosen datang tepat waktu
180,"mengasi soal ujian yang jawabannya banyak, waktu selalu tidak cukup",Negatif,asi soal uji jawab banyak waktu selalu cukup
181,harus lebih interaktif kepada mahasiswa,Negatif,lebih interaktif kemahasiswa
182,"Jadi Dosen Harus profesional, punya masalah dikelas lain atau masalah keluarga jangan dibawa kekelas Malam A",Negatif,dosen profesional harus punya masalah kelas masalah keluarga jangan bawa kelas malam
183,"matakuliahnya Sistem Operasi yang diajarin Malah Bikin Website dilinux, Tidak sesuai dengan mata kuliah",Negatif,matakuliah sistem operasi ajar malah bikin website linux sesuai mata kuliah
184,bijak dalam mengabsensi pak,Negatif,bijak absensi
185,kedepannya lebih ditingkatkan lagi dalam hal pendekatan terhadap mahasiswa dan memberi materi yang cocok dengan kemampuan mahasiswa.,Negatif,depan lebih tingkat dekat hadap mahasiswa beri materi cocok mampu mahasiswa
186,"Sangat baik dan saling berinteraksi ketika mengajar, jadi membuat mahasiswa lebih aktif. Terima Kasih pak",Positif,sangat baik saling interaksi ajar buat mahasiswa lebih aktif terima kasih
187,Dosen idaman membuat mahasiswa menjadi semangat dan aktif ketika dikelas. Terima kasih pak,Positif,dosen idam buat mahasiswa semangat aktif kelas terima kasih
188,TOP dosenya diajarin sampai bisa,Positif,top dosen ajar sampai bisa
189,Manteb konsul PBO diajarin sampe paham,Positif,manteb konsul pbo ajar paham
190,Dari kesalahan yang ada saya menjadi belajar bahwa ketika salah harus bangkit. Terima kasih pak,Positif,salah ada jadi ajar salah bangkit terima kasih
191,kedepannya lebih ditingkatkan lagi dalam hal pendekatan terhadap mahasiswa/memberi pelajaran dan memberi materi yang cocok dengan kemampuan mahasiswa.,Negatif,depan lebih tingkat dekat hadap mahasiswa beri ajar beri materi cocok mampu mahasiswa
192,"Dari bapak saya belajar arti kesabaran menunggu bapak datang ke kelas, selain itu juga saya mengucapkan banyak terima kasih ilmu yang di berikan oleh bapak. sukses selalu pak",Positif,ajar arti sabar tunggu datang kelas ucap banyak terima kasih ilmu ikan sukses
193,Dari ibu saya belajar fokus dan serius untuk memecahkan masalah. terima kasih ibu,Positif,ajar fokus serius pecah masalah terima kasih
194,penyampaian dan arahan materi jelas,Positif,arah materi jelas
195,Disiplin dalam penyampaian materi,Positif,disiplin materi
196,"Cara mengajar dosen bagus, menarik",Positif,cara ajar dosen bagus tarik
197,Cara mengajar dosen mudah dipahami,Positif,cara ajar dosen mudah paham
198,"Dosen sangat membantu mahasiswa belajar, pembelajarannya sangat menarik, mudah dimenngerti",Positif,dosen sangat bantu mahasiswa ajar tarik
199,"suasana kegiatan belajar terlihat kaku, lebih mencairkan suasana",Negatif,suasana giat ajar lihat kaku lebih cair
200,saya merasa puas dengan sistem mengajarnnya,Positif,rasa puas sistem ajar
201,"Sensei kenny sudah sangat baik dalam hal mengajar nya dan kedekatannya dengan mahasiswa/i nya juga sangat baik. Oleh karena itu menurut saya , pertahankan cara mengajar ibu yg seperti ini dan terimakasih atas semua ilmu yg telah ibu berikan kepada saya",Positif,sensei kenny sangat baik ajar ndekat mahasiswa nsangat turut tahan cara ibu yg terimakasih atas semua ilmu
202,"Dosen sangat menarik, cara mengajar unik, mudah dipahami oleh mahasiswa, untuk kedepannya agar lebih mantap lagi",Positif,dosen sangat tarik cara ajar unik mudah paham mahasiswa depan lebih mantap lagi
203,"cara mengajar baik, mudah dimengerti oleh mahasiswa",Positif,cara ajar baik mudah erti mahasiswa
204,Pengajarannya sangat sesuai dgn kriteria,Positif,ajar sangat sesuai kriteria
205,Tapi kebnyakan tugas pusing,Negatif,banyak tugas pusing
206,Absen dikorupsi saya dateng dan hadir terus dalam perkuliaahaan dianggap tidak hadir absen uas pun juga,Negatif,absen korupsi dateng hadir terus perkuliaahaan anggap
207,semoga kedepannya lebih baik lagi,Negatif,moga depan lebih baik lagi
208,Bagus dalam cara mengajarnya,Positif,bagus cara ajar
209,Mengajarnya yang mengasyikan,Positif,ajar asyik
210,semoga ilmu yang bapak kasih dapet saya pergunakan dengan baik,Positif,moga ilmu kasih dapet baik
211,semoga ilmu yang di berikan dapat di gunakan dengan baik,Positif,moga ilmu ikan baik
212,bahagialah anda mempunyai catatan lengkap,Positif,bahagia punya catat lengkap
213,Tidak ada karena dosen mengajar sesuai dengan yang diharapkan,Positif,dosen ajar sesuai harap
214,trimakasih banyak sensei atas 1 smsternya. mohon maaf bila selama dalam pelajaran ada perbuatan/tingkah laku yang tidak sopan.,Positif,terimakasih banyak sensei atas semester mohon maaf bila lama ajar buat tingkah laku sopan
215,dosennya kurang dalam mengajar,Negatif,dosen kurang ajar
216,Terimakasih pak/bu atas ilmu dan nasihat yang telah di berikan kepada kami,Positif,terimakasih atas ilmu nasihat beri kami
217,"pengajarannya baik dan efektif, semoga kedepannya akan menjadi lebih baik lagi.",Positif,ajar baik efektif moga depan jadi lebih baik
218,Terimakasih pak/bu atas ilmu dan nasihat yang telah di berikan kepada saya,Positif,terimakasih atas ilmu nasihat beri
219,Penyajian bahan kuliah kurang,Negatif,saji bahan kuliah kurang
220,Tolong di perbaiki cara mengajarnya pak,Negatif,baik cara ajar
221,Dosen kurang menggunakan waktu,Negatif,dosen kurang guna waktu
222,Lain kali jika ingin menggabungkan dua matkul sekaligus harus memanfaatkan waktu sebaik baiknya,Negatif,kali gabung matkul sekaligus manfaat waktu baik
223,Ditingkatkan kembali cara mengajarnya sudah bagus dan koperatif sekali terimakasih,Negatif,tingkat cara ajar bagus koperatif sekali terimakasih
224,Dosen sudah cukup baik dan perlu ditingkatkan kembali cara mengajarnya,Positif,dosen cukup baik perlu tingkat cara ajar
225,"semuanya baik, ilmu yang di berikan sangat bermanfaat.",Positif,semua baik ilmu ikan sangat manfaat
226,Dosen sudah cukup baik tetapi masih kurang sekali pertemuan di mata kuliah ini dan perlu ditingkatkan kembali cara mengajarnya terimakasih,Positif,dosen cukup baik kurang sekali temu mata kuliah perlu tingkat cara ajar terimakasih
227,Dosen sudah cukup baik dan perlu ditingkatkan kembali cara mengajarnya terimakasih,Positif,dosen cukup baik perlu tingkat cara ajar terimakasih
228,Terimakasih atas ilmu pengetahuan yang diberikan,Positif,terimakasih atas ilmu tahu beri
229,"Cara mengajar kurang jelas, mohon di perjelas lagi",Negatif,cara ajar kurang jelas mohon jelas
230,cukup baik hanya terlalu menegangkan belajarnya,Positif,cukup baik terlalu tegang ajar
231,baik sangat bertanggung jawab,Positif,baik sangat tanggung jawab
232,Ditingkatkan lagi,Negatif,tingkat lagi
233,Sesuai ketentuan yang berlaku,Positif,sesuai laku
234,Dosen bagus.kita harus berpikir secara kritis,Positif,dosen bagus pikir cara kritis
235,Penjelasannya kurang,Negatif,jelas kurang
236,Cukup penjelasannya,Positif,cukup jelas
237,"Sehat terus pak, kalo bisa jangan dikasih tugas nulis alquran 3 buku lagi",Negatif,sehat terus kalo jangan kasih tugas nulis alquran buku lagi
238,terimakasih atas kritikan bapak tehadap saya dalam presentasi dan dalam mengkritisi sebuah masalah yang ada dalam makalah. saya jadi belajar banyak,Positif,terimakasih atas kritik tehadap presentasi kritisi buah masalah makalah jadi ajar banyak
239,terimakasih sense saya jadi tahu bahasa jepang dan mulai menyukai sedikit tentang bahasa tersebut,Positif,terimakasih jadi tahu bahasa jepang mulai suka dikit
240,"Baik, ajarkan cara menulis bahasa Jepang pak",Positif,baik ajar cara tulis bahasa jepang
241,"Saran, kalau bapak ingin mahasiswa nya lebih dari bapak. Minimal, pas bapak ngasih materi atau presantasi di depan, bapak jangan melihat power pointnya terus.",Negatif,saran kalau mahasiswa lebih minimal pas ngasih materi presantasi depan jangan lihat
242,Semoga bapak tidak telat kembali,Negatif,moga telat kembali
243,kritik : jangan baper di kelas udah gede masa baper,Negatif,kritik jangan baper kelas udah gede masa
244,kritik : bisa gagah sedikit lagi terus canda nya kurangin waktu terangin ,Negatif,kritik gagah sedikit terus canda waktu angin
245,kritik : jangan di bawa serius2 banget waktu terangin kasih candaan sedikit lah buat mahasiswa nya biar ga bete,Negatif,kritik jangan bawa serius banget waktu angin kasih sedikit buat mahasiswa biar bete
246,kritik : ngasih tugas jangan susah banget buat print butuh biaya yg mahal,Negatif,kritik ngasih tugas jangan susah banget buat print butuh biayg mahal
247,kritik :waktu matkul mulai jangan ke biasain main game di kelas,Negatif,kritik waktu matkul mulai jangan biasa main game kelas
248,saran : ibu baik dan suka bercanda tapi boleh bawa kopi kan di kelas,Positif,saran baik suka boleh bawa kopi kelas
249,Baik Banget,Positif,baik banget
250,Lumayan lah,Positif,lumayan
251,Beli E-Book terus,Negatif,beli ebook terus
252,Jika ada yang izin shalat maka harusnya diizinkan,Negatif,izin shalat
253,"Saya tidak punya saran untuk ibu, semoga ibu cepat sembuh dan diangkat penyakit nya",Positif,punya saran moga cepat sembuh angkat sakit
254,Semoga bapak di beri kesehatan selalu,Positif,moga beri sehat selalu
255,Kalau ngasih soal ulangan jangan banyak2 bu,Negatif,kalau kasih soal ulang jangan banyak
256,Bu dona ngajar praktek multimedia kaya ada yg kurang,Negatif,ajar praktek multimedia kaya kurang
257,"Tolong bu kalo ngasih tugas, dijelasin dulu gimana cara buatnya dan materinya yg lengkap",Negatif,kasih tugas jelas dulu gimana cara buat materi lengkap
258,terlalu singkat waktu untuk belajar prakteknya,Negatif,terlalu singkat waktu ajar praktek
259,"Pelan pelan bu ngajarnya hehe, Apalagi untung anak yg malem kan ada yg kerja jadi rada wajar klo jepang kurang hehe",Negatif,pelan ajar aplaagi untung anak malem kerja jadi wajar jepang kurang
260,Tugas saya ngerjain semua knapa 78 pak hehe,Negatif,tugas ngerjain semua kenapa
261,Saran saya materinya banyakin lagi pak hehe,Negatif,saran materi banyakin
262,"Kalau bisa datang jangan kemaleman pak, kan kami ada yg kerja juga heheh",Negatif,kalau datang jangan malem yang kerja
263,"Ngajarnya jangan ngebut banget bu ehheh, suka ketinggalan paham nya saya",Negatif,ajar jangan banget suka tinggal paham saya
264,Keren,Positif,keren
265,Dateng nya jangan telat mulu pak heheh,Negatif,dateng jangan telat
266,terimakasih atas pelajaran dan waktunya,Positif,terimakasih atas ajar waktu
267,Dengan menjelaskan sejarah sampai detail saat pangajarannya itu bagus sekali,Positif,jelas sejarah detail ajar bagus
268,Dosen cukup baik dalam mengajar,Positif,dosen cukup baik ajar
269,"Mohon maaf pak saya hanya ingin memberi saran supaya tidak telat saat kelas bapak dimulai, soalnya kasihan kami yang sudah datang di awal jam tetapi kelas masih belum dimulai dan terpaksa menunggu di lorong",Negatif,mohon maaf beri saran telat kelas mulai soal kasih datang awal jam paksa
270,Dosen yang selalu tepat waktu,Positif,dosen selalu tepat waktu
271,Baik dalam menjalankan tugas nya,Positif,baik jalan tugas
272,"cara mangajarnya sangat bagus, dengan tempo yang tidak terlalu terburu - buru itu sangat membantu mahasiswa yang belum bisa berbahasa jepang",Positif,cara ajar sangat bagus tempo lalu buru sangat bantu mahasiswa bahasa
273,"Mohon maaf bu saya hanya ingin memberi saran supaya ibu tidak telat saat mangajar di kelas ibu, karena dari waktu yg kosong itu ibu bisa lebih menjelaskan materi dan memberi contoh-contoh soal kepada mahasiswa supaya kita lebih mengerti lagi dengan materinya",Negatif,mohon maaf beri saran telat ajar kelas waktu kosong lebih jelas materi
274,Terima Kasih Pak telah memberikan saya ilmu yang bermanfaat dan bukan sekedar nilai,Positif,terima kasih beri ilmu manfaat bukan dari nilai
275,Semoga kedepannya bisa lebih baik lagi dalam pengajarannya dan semakin menarik,Positif,moga depan lebih baik ajar makin tarik
276,Baik dalam melakukan pembelajaran,Positif,baik laku ajar
277,Materi yang disampaikan dengan baik dan mudah dipahami. Namun metodenya agak membuat ngantuk,Positif,materi baik mudah paham metode buat ngantuk
278,Penyampaian materi mudah dimengerti.,Positif,materi mudah erti
279,dosen yang baik dalam penyampaiannya,Positif,dosen baik sampai
280,dosen yang pengertian dengan mahasiswa,Positif,dosen erti mahasiswa
281,kurang jelas saat mengajar dan absen,Negatif,kurang jelas ajar absen
282,Mengajar nya baik,Positif,ajar baik
283,terimakasih pak untuk pengajarannya,Positif,terimakasih ajar
284,Bisa lebih baik,Positif,lebih baik
285,Pengajaran baik,Positif,ajar baik
286,porno,Negatif,porno
287,teroris,Negatif,teroris
288,sesat,Negatif,sesat
289,leceh,Negatif,leceh
291,hina,Negatif,hina
292,kalah,Negatif,kalah
293,nista,Negatif,nista
294,pelecehan,Negatif,leceh
295,palsu,Negatif,palsu
296,saya bosan,Negatif,bosan
297,dosen bikin bosan,Negatif,dosen bikin bosan
298,membosankan di kelas,Negatif,bosan kelas
299,saya menggantuk bikin bosan ,Negatif,ngantuk bikin bosan
300,terima kasih banyak sudah banyak memberi saran yang bagus,Positif,terima kasih banyak banyak beri sarbagus
301,terima kasih banyak sudah banyak memberi saran yang bagus,Positif,terima kasih banyak banyak beri sarbagus
